rno,cname,cpri,cdescription,csale,imgsrc

E13829167297277462346,雨后青提/大杯,16.8,"清脆可口的青提，搭配Q弹啵啵和绵密奶霜，入口清新自然，体验春天的味道！
主要原料：其他",73,https://cube.elemecdn.com/7/fd/66827f1216396d993449f7c78f35cjpg.jpg

E13829167297277462346,（勿点）关于可降解吸管,99,"温馨提醒：我们提供可降解吸管或纸质吸管供您使用，冷热饮品皆适用；由于在热饮中久泡容易变软，可能会影响您的口感体验，请尽快饮用哦。
主要原料：其他",0,https://cube.elemecdn.com/5/d7/5e76a913d9d0192fda92e9c39278apng.png

E13829167297277462346,雨后青提/大杯,16.8,"清脆可口的青提，搭配Q弹啵啵和绵密奶霜，入口清新自然，体验春天的味道！
主要原料：其他",73,https://cube.elemecdn.com/7/fd/66827f1216396d993449f7c78f35cjpg.jpg

E13829167297277462346,雪顶雨后青提/大杯,28,"清脆可口的青提，搭配Q弹啵啵和奶油雪顶，入口清新自然，体验春天的味道！
主要原料：其他",28,https://cube.elemecdn.com/b/75/6bc562cce37d34ffdf82dd2900aa5jpg.jpg

E13829167297277462346,杨枝甘露/大杯,20,"若隐若现的香甜芒果，丝丝清香的微酸白柚粒，随心选择椰浆底/酸奶底，再搭配Q弹西米和爽滑摇摇冻，轻轻一口，回味无穷！
主要原料：芒果果露",100,https://cube.elemecdn.com/1/6b/485f8cebca053b14efcccfdd89736jpg.jpg

E13829167297277462346,鲜橙满满/大杯,18,"严选鲜橙，切片后加入清新绿茶中，搅拌或戳一戳后口感更美味!
主要原料：柠檬汁,橙汁,柠檬片",26,https://cube.elemecdn.com/0/8a/9c9e0c64abc2ef4fb34c649af3c5fjpg.jpg

E13829167297277462346,芒芒绿茶/大杯,16,"选用果香浓郁的热带芒果，搭配清新淡雅的绿茶，清新爽甜的口感，简单好滋味。
主要原料：绿茶,芒果果露",28,https://cube.elemecdn.com/9/4d/65fe28ee1824a1fb9f53e39d007dfjpg.jpg

E13829167297277462346,啵啵杨枝甘露/大杯,20,"若隐若现的香甜芒果，丝丝清香的微酸白柚粒，随心选择椰浆底/酸奶底，再搭配Q弹西米和啵啵，轻轻一口，回味无穷！

主要原料：芒果果露",23,https://cube.elemecdn.com/c/60/6bf20ce183abf606299e68f1d7cbejpg.jpg

E13829167297277462346,星空葡萄/大杯,22,"饱满多汁的葡萄果肉搭配Q弹啵啵，手握星空，享受如漫游宇宙的清爽体验
主要原料：葡萄,葡萄汁,绿茶,奶霜",55,https://cube.elemecdn.com/1/5a/c753577e015ef91a016d669809af5jpg.jpg

E13829167297277462346,鲜苹果百香/大杯,21,"超级【靓】的鲜苹果，搭配清新酸甜的鲜百香和Q弹啵啵，一杯鲜饮，补充活力维他命。
主要原料：其他",8,https://cube.elemecdn.com/9/50/4dae38e56e5617942749ab0d44ec2jpg.jpg

E13829167297277462346,鲜百香双响炮/大杯,17,"富含多种香气的百香果，清新又酸甜，搭配Q弹椰果及珍珠，带来味蕾和口感的双重享受。
主要原料：椰果,百香果汁,茉莉绿茶,珍珠",51,https://cube.elemecdn.com/5/7b/989b986e055284290bf323bbaa65fjpg.jpg

E13829167297277462346,鲜百香摇摇冻/大杯,15,"富含多种香气的百香果、柠檬，搭配嫩滑爽口的摇摇冻，清爽不腻，一起摇一摇，给你果漾轻盈。
主要原料：柠檬汁,蜂蜜,柠檬片",10,https://cube.elemecdn.com/e/83/8e3acd1c7cdcc048852e27aa0720djpg.jpg

E13829167297277462346,沙棘百香双响炮/大杯,18,"富含丰富维C的沙棘和百香果，搭配Q弹椰果及珍珠，给你专属“维C补棘”。
主要原料：椰果,茉莉绿茶,珍珠",13,https://cube.elemecdn.com/5/7b/989b986e055284290bf323bbaa65fjpg.jpg

E13829167297277462346,沙棘摇摇冻/大杯,16,"沙棘和百香果的奇妙相遇，搭配嫩滑爽口的摇摇冻，清新酸甜，一起摇一摇，给你果漾轻盈。
主要原料：蜂蜜",9,https://cube.elemecdn.com/4/f5/88f2e6a5810443d7f2c8e5f768301jpg.jpg

E13829167297277462346,莓莓欧蕾/大杯,18,"清新的草莓、蔓越莓果粒与香浓牛奶的美妙融合，果香拥抱奶香，给你粉红少女小“莓”好！
主要原料：草莓,牛奶,蔓越莓",12,https://cube.elemecdn.com/1/57/65e834b9d37a10f15a2bf3e4e4932jpg.jpg

E13829167297277462346,红果小姐姐/大杯,18,"优质红心火龙果，搭配香醇酸奶、新鲜柳橙，红果小姐姐带你玩转别样火龙果！
主要原料：火龙果,酸奶",30,https://cube.elemecdn.com/b/61/59339386020fcd164a1bd14ecc603jpg.jpg

E13829167297277462346,奶霜莓莓果茶/大杯,18,"绵密法式奶霜，融合草莓、蔓越莓调制的果茶，口感顺滑，给你香浓绵密小“莓”好！
主要原料：草莓,红茶,蔓越莓,奶霜",3,https://cube.elemecdn.com/7/39/37e5da3d3f87ebf8cd6fc61fccd59jpg.jpg

E13829167297277462346,莓莓果茶/大杯,15,"清新的草莓、蔓越莓果粒搭配斯里兰卡红茶，更有Q弹椰果，给你浓郁果香小“莓”好！
主要原料：草莓,红茶,蔓越莓",28,https://cube.elemecdn.com/a/0b/f6a826cf37dbce6a68aecde853a86jpg.jpg

E13829167297277462346,莓莓摇摇冻/大杯,16,"清新的草莓、蔓越莓果粒，搭配嫩滑爽口的摇摇冻，一起摇一摇，给你心动小“莓”好！
主要原料：草莓,蜂蜜,茉莉绿茶,蔓越莓,柠檬片",14,https://cube.elemecdn.com/f/10/ab9291b6f1913414500551319c865jpg.jpg

E13829167297277462346,莓莓酸奶/大杯,18,"清新的草莓、蔓越莓果粒与细腻稠滑的酸奶相融合，搭配Q弹椰果，给你酸甜可口小“莓”好！
主要原料：草莓,酸奶,蔓越莓",16,https://cube.elemecdn.com/6/9a/a4cea8a50c00d5613d9b3830e2159jpg.jpg

E13829167297277462346,珍珠奶茶/大杯,13,"醇香奶茶中加入一颗颗香Q弹牙、嚼劲十足的珍珠，人气饮品好喝，不简单。
主要原料：珍珠,奶茶",100,https://cube.elemecdn.com/3/db/ce22dae1277f58e74ec92af869262jpg.jpg

E13829167297277462346,奶茶三兄弟/大杯,14,"醇香奶茶搭配香滑布丁、Q弹珍珠及鲜嫩口感的仙草冻，多层次的丰富的口感，一次满足！
主要原料：布丁,仙草,珍珠,奶茶",67,https://cube.elemecdn.com/b/87/53816315c1c68dce2bbc0e623bffdjpg.jpg

E13829167297277462346,鲜芋奶茶/大杯,14,"严选优质鲜芋，熬煮成绵甜香糯的芋泥块，与醇香奶茶融合，入口芋香四溢。
主要原料：芋头,奶茶",26,https://cube.elemecdn.com/b/fa/d3f866c31f0e22781f4e004486117jpg.jpg

E13829167297277462346,轻奶茶西米露/大杯,13,"清新淡雅的乌龙青茶调制成香醇浓郁的轻奶茶和晶莹剔透的西米露，清香顺滑，润口回甘。
主要原料：乌龙茶,奶茶",5,https://cube.elemecdn.com/8/ee/396cf678e388ca7e524ac97e3dea9jpg.jpg

E13829167297277462346,双拼奶茶/大杯,13,"香Q弹牙的珍珠搭配顺滑软嫩的布丁，与醇香奶茶融合，带来双重口感的美味享受!
主要原料：布丁,珍珠,奶茶",30,https://cube.elemecdn.com/1/4a/71a978cd5ec0b8147a9e7708677e3jpg.jpg

E13829167297277462346,红豆奶茶/大杯,13,"香甜软糯红豆，与香醇奶茶结合，口感绵密香醇，带来甜蜜的味蕾享受。
主要原料：红豆,奶茶",30,https://cube.elemecdn.com/0/81/20b894f64a3362659f4a80d3d3462jpg.jpg

E13829167297277462346,茉香奶茶/大杯,13,"带有茉莉花茶香气的浓郁奶茶，调合清新与浓醇的滋味，带来纯粹味觉享受。
主要原料：茉莉绿茶,奶茶",13,https://cube.elemecdn.com/5/0e/c3396515ef1cc0bf84e2557c3f355jpg.jpg

E13829167297277462346,椰果奶茶/大杯,12,"香甜有嚼劲的椰果，加入香醇浓郁的奶茶中，弥漫着迷人的热带风情。
主要原料：椰果,奶茶",23,https://cube.elemecdn.com/4/9c/e72604df98ff1c417f061d7ec88bcjpg.jpg

E13829167297277462346,CoCo奶茶/大杯,12,"红茶茶香融入浓醇奶茶，滑顺浓郁的口感触动着味蕾，纯粹又美味。
主要原料：奶茶",33,https://cube.elemecdn.com/f/59/caedc3e57ca27e381d2ac55804969jpg.jpg

E13829167297277462346,17岁轻茶/大杯,12,"花香浓郁、口味甘爽的轻茶，茶汤色泽澄澈透亮，一杯清新，解锁春日轻体验。
主要原料：其他",16,https://cube.elemecdn.com/5/f1/da796d93eb2063e116606b8e2b0a9jpg.jpg

E13829167297277462346,轻茶摇摇冻/大杯,14,"花香浓郁、口味甘爽的轻茶，搭配爽滑摇摇冻，一杯清新，解锁夏日轻体验。
主要原料：乌龙茶",8,https://cube.elemecdn.com/f/76/8b552b76a257b9f9bf7f494feeb63jpg.jpg

E13829167297277462346,金桔柠檬汁/大杯,15,"酸甜清香的金桔、加入鲜柠檬原汁，果香浓郁更添鲜活美味。
主要原料：金桔,柠檬汁,柠檬片",35,https://cube.elemecdn.com/0/60/e4242a8570e76d668156cdc093860jpg.jpg

E13829167297277462346,鲜柠檬茶/大杯,14,"严选鲜柠檬原汁，随心搭配清新淡雅的绿茶或斯里兰卡庄园红茶，甜而微酸，清新又爽口。
主要原料：柠檬汁,柠檬片",30,https://cube.elemecdn.com/b/a6/5cc61b4e081c634121b8c8da139f1jpg.jpg

E13829167297277462346,鲜芋牛奶/中杯,16,"手捣芋泥融入鲜醇牛奶，软糯绵密的芋泥中还有嚼得到的芋头颗粒，诚心手作只为你。
主要原料：芋头,牛奶",15,https://cube.elemecdn.com/8/b5/e806e81835000e4185a15fffb5c4bjpg.jpg

E13829167297277462346,鲜芋牛奶/大杯,20,"手捣芋泥融入鲜醇牛奶，软糯绵密的芋泥中还有嚼得到的芋头颗粒，诚心手作只为你。
主要原料：芋头,牛奶",12,https://cube.elemecdn.com/8/b5/e806e81835000e4185a15fffb5c4bjpg.jpg

E13829167297277462346,鲜芋牛奶西米露/中杯,16,"手捣芋泥融入醇香牛奶，软糯绵密的芋泥中还有嚼得到的芋头颗粒，搭配晶莹剔透的西米露，带来味蕾的多重享受。
主要原料：西米",6,https://cube.elemecdn.com/9/73/27dea49d73889f098e9e469ab5c1cjpg.jpg

E13829167297277462346,鲜芋牛奶西米露/大杯,20,"手捣芋泥融入醇香牛奶，软糯绵密的芋泥中还有嚼得到的芋头颗粒，搭配晶莹剔透的西米露，带来味蕾的多重享受。
主要原料：西米",7,https://cube.elemecdn.com/9/73/27dea49d73889f098e9e469ab5c1cjpg.jpg

E13829167297277462346,法式奶霜茗茶/大杯,16,"随心选择淡雅的茉香绿茶、斯里兰卡庄园红茶或口味甘爽的轻茶，加入绵密奶霜，香浓绵滑多层次的口感，融合在味蕾中的幸福感受！	
主要原料：奶霜",5,https://cube.elemecdn.com/1/79/35c78e6dacd550bd351ae25b08d19jpg.jpg

